{"id":"ORD","City":"Chicago","State":"IL","Country":"USA"}
{"id":"LGA","City":"New York","State":"NY","Country":"USA"}
{"id":"BOS","City":"Boston","State":"MA","Country":"USA"}
{"id":"IAH","City":"Houston","State":"TX","Country":"USA"}
{"id":"EWR","City":"Newark","State":"NJ","Country":"USA"}
{"id":"DEN","City":"Denver","State":"CO","Country":"USA"}
{"id":"MIA","City":"Miami","State":"FL","Country":"USA"}
{"id":"SFO","City":"San Francisco","State":"CA","Country":"USA"}
{"id":"ATL","City":"Atlanta","State":"GA","Country":"USA"}
{"id":"DFW","City":"Dallas","State":"TX","Country":"USA"}
{"id":"CLT","City":"Charlotte","State":"NC","Country":"USA"}
{"id":"LAX","City":"Los Angeles","State":"CA","Country":"USA"}
{"id":"SEA","City":"Seattle","State":"WA","Country":"USA"}
